gene_id,gene_short_name,cell_group,marker_score,mean_expression,fraction_expressing,specificity,pseudo_R2,marker_test_p_value,marker_test_q_value,partition_assignment
ENSG00000143924,EML4,1,0.1579530065166769,1.3258467002898726,0.6013571225206416,0.262660905810183,0.04820148076389232,6.0388125325511076e-74,2.4197038712929685e-68,Naive/MemT
ENSG00000152518,ZFP36L2,1,0.19921139941844332,7.409221474086024,0.9089873778115213,0.21915749798205653,0.09332807561662931,7.777834419176771e-142,3.1165160290887787e-136,Naive/MemT
ENSG00000172005,MAL,1,0.2798120542682433,0.5432566519965363,0.4266869127835247,0.6557783843025978,0.11665646991796721,4.362082539771235e-177,1.7478515770260157e-171,Naive/MemT
ENSG00000168685,IL7R,1,0.1901373258874811,1.8651120868577244,0.7053240960425169,0.26957440835258184,0.1493686732128457,1.0316827232078042e-226,4.133870137275815e-221,Naive/MemT
ENSG00000152495,CAMK4,1,0.20426127700404653,0.725166977228738,0.4788364809718136,0.42657835215372875,0.09886430193987772,3.430378228944559e-150,1.3745251133122532e-144,Naive/MemT
ENSG00000227507,LTB,1,0.20164085840467322,3.9145477193603893,0.8184018221505173,0.24638368701919655,0.13022853772638163,1.1976090296847309e-197,4.798723573224342e-192,Naive/MemT
ENSG00000156508,EEF1A1,1,0.15651593792497728,56.53652725250618,0.9703426022587074,0.16129966628348436,0.033725958942754757,3.110668852313532e-52,1.2464201237712137e-46,Naive/MemT
ENSG00000118503,TNFAIP3,1,0.1933253134994478,2.50441941202199,0.6964506026383221,0.27758654062051935,0.0757004715354456,2.8481772682173976e-115,1.1412418459565655e-109,Naive/MemT
ENSG00000133872,SARAF,1,0.21865640098411152,5.826453665783524,0.9192844263072981,0.23785500409534743,0.10281950237622686,3.648693283211267e-156,1.462002209036489e-150,Naive/MemT
ENSG00000104660,LEPROTL1,1,0.21857214670011865,1.8104046682273507,0.7400113884407327,0.2953632202345816,0.09727152291088305,8.707110245223317e-148,3.488869418379021e-142,Naive/MemT
ENSG00000185885,IFITM1,1,0.16308825056373955,4.5841119192907005,0.8425073550346398,0.19357486862181061,0.10452044780555055,9.825389300572851e-159,3.936954889625137e-153,Naive/MemT
ENSG00000013725,CD6,1,0.16852564461091307,0.9047632699825762,0.5106292113504792,0.33003526015522555,0.07826435832540675,3.9327355021697566e-119,1.575815653835404e-113,Naive/MemT
ENSG00000168066,SF1,1,0.153102824834834,1.9926287896801342,0.7809148714055234,0.19605571675088362,0.03573103062709006,3.0651620003532384e-55,1.2281858922455398e-49,Naive/MemT
ENSG00000251562,MALAT1,1,0.19243179287542084,108.76689913036525,0.9998101926544557,0.19246832477724818,0.15122776928824005,1.5352375063564171e-229,6.151573868969655e-224,Naive/MemT
ENSG00000198851,CD3E,1,0.1812262871733006,2.236642854723586,0.7788269906045364,0.2326913285743092,0.13378911362518897,4.759356673355625e-203,1.907036144160212e-197,Naive/MemT
ENSG00000107742,SPOCK2,1,0.22003294108235977,1.8384221309606503,0.7176615735028946,0.306597077517168,0.1196610584841445,1.2336997904756847e-181,4.9433363644528304e-176,Naive/MemT
ENSG00000133639,BTG1,1,0.18613753400856597,6.468253072194148,0.9468539432476036,0.1965852656959266,0.12119151425468518,5.937383769971993e-184,2.3790621775576178e-178,Naive/MemT
ENSG00000133112,TPT1,1,0.15964726933639353,21.80600349890114,0.9286324380753536,0.17191653316275712,0.01866956231902095,1.1840464225287723e-29,4.744379291358988e-24,Naive/MemT
ENSG00000126353,CCR7,1,0.15798224785125894,0.660423516283749,0.41221410268577396,0.3832528941196536,0.0738527379490306,1.7199684210715228e-112,6.891775865759906e-107,Naive/MemT
ENSG00000171223,JUNB,1,0.1583988919798909,8.187334759847339,0.8776217139603303,0.18048652336221793,0.0557140665087243,3.1842857678353636e-85,1.2759178328854876e-79,Naive/MemT
ENSG00000090554,FLT3LG,1,0.15679837362329224,0.7505607181727676,0.534782196070988,0.2932004370663053,0.06884256376726683,5.928865106165667e-105,2.3756488171197336e-99,Naive/MemT
ENSG00000100100,PIK3IP1,1,0.2259190370745897,1.300343453387983,0.6523203947992787,0.34633140229212944,0.11630207603625749,1.499909435149887e-176,6.010017113890786e-171,Naive/MemT
ENSG00000228253,MT-ATP8,1,0.15161758877985884,11.577999782850977,0.9833444054284901,0.15418564232720866,0.07082044118672595,6.279762120004264e-108,2.5162504433887486e-102,Naive/MemT
ENSG00000198840,MT-ND3,1,0.1555464292922545,16.37577889161452,0.9960614975799563,0.15616147162617178,0.06998929869152895,1.117362609918884e-106,4.4771825889361745e-101,Naive/MemT
ENSG00000198727,MT-CYB,1,0.1597437445431387,28.696665908823263,0.9996678371452975,0.159796823112076,0.09975640242059287,1.542976388740311e-151,6.182582951571327e-146,Naive/MemT
ENSG00000119535,CSF3R,2,0.4428282884386807,1.6471071616709694,0.7257597684515196,0.6101582199623696,0.2964750450950426,0,0,MDSC
ENSG00000163131,CTSS,2,0.31350542562926115,5.340722576702752,0.9138929088277858,0.34304394158324536,0.31751387244238033,0,0,MDSC
ENSG00000163191,S100A11,2,0.2909028418939225,5.77336589077565,0.9243125904486251,0.3147234441031791,0.34840999290455504,0,0,MDSC
ENSG00000163220,S100A9,2,0.6936301095979817,36.31774485382743,0.9538350217076701,0.727201343851017,0.6199914804065066,0,0,MDSC
ENSG00000163221,S100A12,2,0.6595381153261556,6.603248221614871,0.8280752532561505,0.7964712297979264,0.4613683373349068,0,0,MDSC
ENSG00000143546,S100A8,2,0.7504658939052172,78.17240640871269,0.9522431259044862,0.788103241167941,0.6378861533012211,0,0,MDSC
ENSG00000197956,S100A6,2,0.3325638975011387,22.690706843041536,0.967438494934877,0.3437571476040192,0.3345169555816096,0,0,MDSC
ENSG00000163563,MNDA,2,0.4022793836121817,1.6235683321533603,0.6975397973950795,0.5767117304481693,0.2751912889702681,1.551882e-317,6.218266752876e-312,MDSC
ENSG00000018280,SLC11A1,2,0.3159001742352016,1.3038233027485027,0.6331403762662807,0.49894176090634135,0.2045268406782921,1.3415049087289297e-235,5.375302848884123e-230,MDSC
ENSG00000121552,CSTA,2,0.4608851938443052,2.052849313899115,0.7885672937771346,0.5844589263101759,0.35509712558549406,0,0,MDSC
ENSG00000038427,VCAN,2,0.6359089868048862,4.311126563648555,0.8564399421128799,0.7425027203145933,0.47844322924985083,0,0,MDSC
ENSG00000170458,CD14,2,0.5556272329635958,2.0474591300095173,0.7256150506512301,0.7657327841600413,0.33891190030919893,0,0,MDSC
ENSG00000204472,AIF1,2,0.2951857656295442,6.235651081657248,0.9293777134587554,0.3176165743538073,0.42524327799180167,0,0,MDSC
ENSG00000221869,CEBPD,2,0.35455125069470284,1.832946520176536,0.7493487698986976,0.4731458366744682,0.2531972456395135,5.79755739301213e-292,2.323034866920816e-286,MDSC
ENSG00000085265,FCN1,2,0.4182465972741585,4.831119827341044,0.8900144717800289,0.4699323556364936,0.45569810311297704,0,0,MDSC
ENSG00000066336,SPI1,2,0.2925083729957157,3.1862901363348675,0.8710564399421129,0.33580874852972176,0.3361551144401811,0,0,MDSC
ENSG00000245532,NEAT1,2,0.3537183856262937,8.213532109838642,0.9587554269175108,0.36893495014002864,0.40258151475025544,0,0,MDSC
ENSG00000121316,PLBD1,2,0.3242557322029501,0.8782215340686013,0.5102749638205499,0.6354529522184871,0.17513878636355348,1.0333967438074337e-201,4.140738080696882e-196,MDSC
ENSG00000123384,LRP1,2,0.31048539654475993,0.8060863053642876,0.5470332850940666,0.5675804471228283,0.1772780175857371,3.5583297606262464e-204,1.425794268444852e-198,MDSC
ENSG00000090382,LYZ,2,0.594548449952732,18.87604423814808,0.9593342981186685,0.6197510618756039,0.6290654732205272,0,0,MDSC
ENSG00000185215,TNFAIP2,2,0.37135255324602473,1.2968035369025017,0.6602026049204052,0.5624827143643207,0.24311063106154415,2.9488881377291917e-280,1.1815958856829852e-274,MDSC
ENSG00000011600,TYROBP,2,0.317779791390817,11.004474349818127,0.9499276410998553,0.334530523843776,0.3998730252372463,0,0,MDSC
ENSG00000171051,FPR1,2,0.33424789930967636,1.0371590333476046,0.5952243125904486,0.5615494734329841,0.20985589831318147,9.35449101973725e-242,3.7482697156805585e-236,MDSC
ENSG00000100300,TSPO,2,0.376402170476021,4.805736368776132,0.9124457308248914,0.4125200631228081,0.3351004361956975,0,0,MDSC
ENSG00000025708,TYMP,2,0.31717179770017007,2.7050991913202695,0.8416787264833574,0.3768323800048444,0.29094359046183954,0,0,MDSC
ENSG00000163534,FCRL1,3,0.3118636118699686,0.4404813842509577,0.37684943429068757,0.8275549423524109,0.1801085071942964,2.254175886072297e-144,9.032302441420809e-139,B
ENSG00000116191,RALGPS2,3,0.2939304309872805,0.8168639320788912,0.5426457789382071,0.5416616923887495,0.22004951247350774,3.2569534387384035e-176,1.3050351872749684e-170,B
ENSG00000153064,BANK1,3,0.349913178502918,0.9885294213326404,0.6127067014795474,0.5710940938918363,0.29066273045475743,9.759097168808897e-233,3.9103921627643747e-227,B
ENSG00000019582,CD74,3,0.30298374063548,67.17453353612146,0.9973890339425587,0.30377689178897604,0.57607717233166,0,0,B
ENSG00000112149,CD83,3,0.36179331394434666,2.9076112067000675,0.7928633594429939,0.45631231363562497,0.2837911693294376,3.185517074546424e-227,1.2764112076341558e-221,B
ENSG00000204287,HLA-DRA,3,0.3173573596237847,14.113176794131574,0.9773716275021758,0.32470490312353395,0.4922317763112926,0,0,B
ENSG00000196126,HLA-DRB1,3,0.2675558493380694,9.930675181180124,0.9825935596170583,0.2722955455176632,0.43681778946558386,0,0,B
ENSG00000196735,HLA-DQA1,3,0.27093055395473986,2.679399532633626,0.8724978241949521,0.3105228992458814,0.356469571305163,1.089023856799812e-285,4.3636314722883026e-280,B
ENSG00000179344,HLA-DQB1,3,0.26421562786791997,2.563588621632858,0.8372497824194952,0.3155756303744699,0.29418483042916177,1.452556786852864e-235,5.820278840376478e-230,B
ENSG00000223865,HLA-DPB1,3,0.252275871404337,5.514548567348945,0.9512619669277633,0.26520125914326,0.3748970340572822,1.4465450838939348e-300,5.796190427556285e-295,B
ENSG00000112182,BACH2,3,0.24893588056388344,0.7434234770457478,0.4856396866840731,0.512593775569717,0.17896836404992697,1.8219767578739696e-143,7.300515110660367e-138,B
ENSG00000272398,CD24,3,0.2444812730792543,0.2932460506223798,0.2815491731940818,0.8683430688348167,0.13078767158690227,3.526924890586498e-105,1.4132105882588852e-99,B
ENSG00000136573,BLK,3,0.27142477405452775,0.647367959901579,0.5052219321148825,0.5372387000665846,0.1893672854339974,9.555709303113996e-152,3.8288962720833533e-146,B
ENSG00000042980,ADAM28,3,0.2760431136277706,0.850871065945827,0.5052219321148825,0.5463799096611687,0.18813255891928338,9.199246445111116e-151,3.686064456584463e-145,B
ENSG00000156738,MS4A1,3,0.7013105153826783,2.95086346813003,0.839425587467363,0.8354647819333305,0.5846910585027119,0,0,B
ENSG00000110848,CD69,3,0.23997807317581005,4.07641134125089,0.8020017406440383,0.2992238807151446,0.19288763699996486,1.498784754407818e-154,6.005510608131774e-149,B
ENSG00000133639,BTG1,3,0.24265463518516972,8.71609920151755,0.9852045256744996,0.2462987418973145,0.33738156425691074,2.6569075868913112e-270,1.0646016148066533e-264,B
ENSG00000247982,LINC00926,3,0.6580750861434825,1.8383591583698917,0.7819843342036553,0.8415451018128675,0.5109365047362068,0,0,B
ENSG00000007312,CD79B,3,0.30755152978392053,1.3420166562158027,0.6057441253263708,0.507725154772593,0.22968503742740964,6.570468946568137e-184,2.63273434313828e-178,B
ENSG00000104921,FCER2,3,0.3656205182514403,0.8851141211938257,0.5300261096605744,0.6898160516763628,0.24989297383134346,4.5808824248112705e-200,1.8355229405624776e-194,B
ENSG00000012124,CD22,3,0.295388283902813,0.6199122972161216,0.4495213228894691,0.6571174021381068,0.2034231820507118,6.001036347238215e-163,2.4045672560475747e-157,B
ENSG00000105369,CD79A,3,0.5229505900758553,5.761968463051189,0.9460400348128808,0.5527784986174404,0.6871657255620377,0,0,B
ENSG00000104894,CD37,3,0.3294967353866792,8.609478390303382,0.9730200174064404,0.3386330491585817,0.43748296272759074,0,0,B
ENSG00000128218,VPREB3,3,0.2815099176186819,0.5008396555814993,0.3907745865970409,0.72038952192397665,0.18542905461465767,1.3087437518483577e-148,5.244031514156221e-143,B
ENSG00000159958,TNFRSF13C,3,0.2975066934914168,0.5301605011248419,0.43777197563098347,0.6795928246951052,0.2036432274615116,4.0065194786285316e-163,1.6053803029306235e-157,B
ENSG00000188290,HES4,4,0.41730696253596095,0.7442772760095705,0.673866090712743,0.6192728322248395,0.41427235559494,2.083972659258112e-156,8.350311727834514e-151,CD16+ Mono
ENSG00000163191,S100A11,4,0.4232238112436802,8.486394865127478,0.9978401727861771,0.424139880099186,0.7267480904673015,2.1271386140909068e-274,8.523274255573137e-269,CD16+ Mono
ENSG00000203747,FCGR3A,4,0.6241282671364252,4.346563483522509,0.9352051835853131,0.6673704103560391,0.690802564851284,9.304736970228723e-261,3.728333666074888e-255,CD16+ Mono
ENSG00000182578,CSF1R,4,0.5148916010946776,1.1112559475849983,0.7991360691144709,0.6443103008292858,0.5487263761984523,5.134349089605476e-207,2.0572926054121973e-201,CD16+ Mono
ENSG00000204482,LST1,4,0.5853288293184785,10.614976192921501,0.9978401727861771,0.5865957748364838,0.8597591571276875,0,0,CD16+ Mono
ENSG00000204472,AIF1,4,0.4732151272484384,10.372866007721132,1,0.4732151272484384,0.8050446467506425,3.5689265181829184e-304,1.43004030442375e-298,CD16+ Mono
ENSG00000085514,PILRA,4,0.4609298255255156,1.1908340390046177,0.8444924406047516,0.5458069289470939,0.5454881109140144,8.554351307235827e-206,3.427660133998938e-200,CD16+ Mono
ENSG00000142089,IFITM3,4,0.5177179760290765,6.638295247904732,0.9568034557235421,0.5410912480845653,0.5940200123636221,4.0520435647975656e-224,1.623621440065866e-218,CD16+ Mono
ENSG00000129757,CDKN1C,4,0.5809888440248535,1.0499234863711688,0.7278617710583153,0.7982131595949769,0.5120633268744652,3.42093743284615e-193,1.3707422618419896e-187,CD16+ Mono
ENSG00000066336,SPI1,4,0.4365172840767387,4.570653733498662,0.980561555075594,0.44517071041306167,0.6469227778368338,3.9469103899124294e-244,1.581495417954791e-238,CD16+ Mono
ENSG00000166927,MS4A7,4,0.6550510377024721,2.3981497946266415,0.9071274298056156,0.7221157868005823,0.7064642125809566,1.0653786127251431e-266,4.2688868709006305e-261,CD16+ Mono
ENSG00000148737,TCF7L2,4,0.3964645483057536,0.6360787692417349,0.6695464362850972,0.5921389866631094,0.3973761915005274,4.5914166514476696e-150,1.8397439209018696e-144,CD16+ Mono
ENSG00000155465,SLC7A7,4,0.41179541560137095,0.9228075304156677,0.7926565874730022,0.519513017502547,0.47626158948384023,1.0369632296806244e-179,4.155028704271888e-174,CD16+ Mono
ENSG00000197249,SERPINA1,4,0.5508529433954188,5.715788342939624,0.978401727861771,0.5630130525211455,0.7459779044164867,1.0541421106814894e-281,4.2238631061318736e-276,CD16+ Mono
ENSG00000140105,WARS,4,0.4307390100104578,1.9130357966728175,0.8509719222462203,0.5061729990732029,0.4603069887151044,1.0428756861114776e-173,4.178719444193802e-168,CD16+ Mono
ENSG00000140379,BCL2A1,4,0.41035772489424716,1.612541122875128,0.8833693304535637,0.464536984415737,0.4816234444647197,9.948677207548061e-182,3.986355367646848e-176,CD16+ Mono
ENSG00000101336,HCK,4,0.4470015928958215,1.5748225413766752,0.8552915766738661,0.5226306502797105,0.5166578768372638,6.350004003010683e-195,2.5443958039743567e-189,CD16+ Mono
ENSG00000204103,MAFB,4,0.4275503635771666,2.1936331403402263,0.896328293736501,0.47700197189452564,0.5388647077151087,2.695018037677363e-203,1.079872167553018e-197,CD16+ Mono
ENSG00000224397,SMIM25,4,0.676087033222322,2.6413943280545316,0.9416846652267818,0.7179548082154474,0.7680220749902326,4.390624884570945e-290,1.759288266248501e-284,CD16+ Mono
ENSG00000197766,CFD,4,0.5089861405084061,2.6357348424848013,0.9524838012958964,0.5343777393546304,0.6415602550058606,4.231330681732883e-242,1.6954603535249122e-236,CD16+ Mono
ENSG00000216490,IFI30,4,0.41411056307522787,1.8640343968870219,0.8833693304535637,0.4687853073443289,0.51503112291432,2.605063475494656e-194,1.0438280941229047e-188,CD16+ Mono
ENSG00000175489,LRRC25,4,0.5330267707756349,1.451893760168699,0.9006479481641468,0.5918258869763044,0.6274576085562572,9.199579768174454e-237,3.686198016469358e-231,CD16+ Mono
ENSG00000197405,C5AR1,4,0.48455318448446394,1.548880061722366,0.8466522678185745,0.57231664391915,0.5244380081131904,7.418784983511635e-198,2.972647792613244e-192,CD16+ Mono
ENSG00000131042,LILRB2,4,0.5190800116371691,1.8363765873229416,0.91792656587473,0.5654918715011984,0.6306597776931471,5.6508543246391555e-238,2.2642521210483124e-232,CD16+ Mono
ENSG00000100292,HMOX1,4,0.5486386430562995,1.4598523891177293,0.8531317494600432,0.643087827177384,0.6033283916385432,1.2285438260062907e-227,4.9226768273011264e-222,CD16+ Mono
ENSG00000163687,DNASE1L3,5,0.5588292796052574,0.8817006576427264,0.6666666666666666,0.8382439194078861,0.49261832529691635,1.1119996133637493e-85,4.4556934907794744e-80,DC
ENSG00000152492,CCDC50,5,0.5949538527450174,2.7497957565385986,0.946969696969697,0.6282712684987384,0.7265254972588733,1.0933714125553833e-125,4.381051780396416e-120,DC
ENSG00000146072,TNFRSF21,5,0.543758392781083,0.7110826284503997,0.696969696969697,0.7801750852945972,0.5148823497747747,1.751358156277353e-89,7.0175520235508515e-84,DC
ENSG00000242258,LINC00996,5,0.4476595577662884,0.5729479988746348,0.5378787878787878,0.832268473593663,0.37772542895264244,4.5208094737887666e-66,1.8114521896713684e-60,DC
ENSG00000185291,IL3RA,5,0.5241736433123473,1.1618749716193482,0.7651515151515151,0.6850586229428697,0.5233998022076721,6.141989122521801e-91,2.4610459054815056e-85,DC
ENSG00000148154,UGCG,5,0.6220775487295971,2.1718680334925407,0.9242424242424242,0.6730675117402198,0.7039895096415363,7.924501246055476e-122,3.1752842532844607e-116,DC
ENSG00000184709,LRRC26,5,0.7399529257859316,1.286063275512895,0.7803030303030303,0.9482891864441066,0.66267282063366,9.394402836380151e-115,3.7642620613148357e-109,DC
ENSG00000185507,IRF7,5,0.5874669103965111,4.877746073055055,0.9318181818181818,0.6304522940840608,0.6394463141973784,8.865287155603885e-111,3.552249640953232e-105,DC
ENSG00000070031,SCT,5,0.7062033912743303,1.2544695576021256,0.7348484848484849,0.9610190479197072,0.6230251835134953,5.716279759099431e-108,2.290467569233069e-102,DC
ENSG00000162144,CYB561A3,5,0.44431458830192555,1.6692926123415448,0.8863636363636364,0.5012779970585827,0.47247307767624397,3.062550617132827e-82,1.2271395318801867e-76,DC
ENSG00000173457,PPP1R14B,5,0.464139016684461,1.7157045553832593,0.8636363636363636,0.5374241245820075,0.5178767637140441,5.393196421339884e-90,2.1610106604595207e-84,DC
ENSG00000198178,CLEC4C,5,0.7419230931396152,1.0952122315863044,0.7878787878787878,0.9416716182156656,0.6769296295507569,3.4073044747739806e-117,1.3652796446061359e-111,DC
ENSG00000183087,GAS6,5,0.5339563177777913,1.0210060185868652,0.7651515151515151,0.6978439004620639,0.5364536357458266,3.613921828475575e-93,1.4480695652955352e-87,DC
ENSG00000100453,GZMB,5,0.47600824386345325,7.139340061264686,0.9015151515151515,0.5280091444535784,0.5060814112736403,5.580981361187076e-88,2.2362545835767716e-82,DC
ENSG00000166428,PLD4,5,0.7305516052497354,5.00616903391077,0.9393939393939394,0.7776839668787505,0.7895727759398332,1.7081865240911345e-136,6.844566747111249e-131,DC
ENSG00000198794,SCAMP5,5,0.4676337395502972,0.5355830521037664,0.553030303030303,0.8455842961731402,0.41344294575130813,3.64434138604443e-72,1.4602584386569148e-66,DC
ENSG00000103056,SMPD3,5,0.5939894716820049,0.783514606424494,0.6666666666666666,0.8909842075230073,0.550792405099264,1.2814023165603206e-95,5.13447657027188e-90,DC
ENSG00000140968,IRF8,5,0.5916115844377386,4.31780120747794,0.9545454545454546,0.6197835646490595,0.6385003728426931,1.2869072260755895e-110,5.156534302306801e-105,DC
ENSG00000132386,SERPINF1,5,0.8073460685301869,2.536773199754318,0.9166666666666666,0.8807411656692948,0.7967899408741899,9.882606716952024e-138,3.959881450628941e-132,DC
ENSG00000196628,TCF4,5,0.5478820834141992,2.846976994978767,0.946969696969697,0.5785634800853943,0.6418083721347623,3.495632058451069e-111,1.4006718007648759e-105,DC
ENSG00000125869,LAMP5,5,0.4489927321830917,0.6855072626042078,0.6060606060606061,0.7408380081021013,0.43691343422069334,3.6000897461184346e-76,1.4425271605516878e-70,DC
ENSG00000105251,SHD,5,0.5347014694437612,0.7017329962609781,0.6060606060606061,0.8822574245822059,0.4586876502742973,6.91213556879035e-80,2.7696374253297427e-74,DC
ENSG00000105426,PTPRS,5,0.5616882281246136,0.8194112583071592,0.6742424242424242,0.8330656866567303,0.5142410780987252,2.2538212595265487e-89,9.030881481222119e-84,DC
ENSG00000269404,SPIB,5,0.47176505973676314,0.9925568564260175,0.75,0.6290200796490175,0.48062774679039577,1.240789325822122e-83,4.971743565423177e-78,DC
ENSG00000239961,LILRA4,5,0.8240196283306348,3.0107699879262753,0.8712121212121212,0.94583122556212,0.7696289795472845,4.487216869800562e-133,1.7979919019941268e-127,DC
ENSG00000177606,JUN,6,0.36895936747677605,27.579985884245993,0.9551569506726457,0.38628140350854956,0.3351199599765881,4.097803361998035e-124,1.6419570247257166e-118,Sen. Tc/NK
ENSG00000158050,DUSP2,6,0.3727076888513696,6.176121939625306,0.9484304932735426,0.3929731187416332,0.4502583067210757,2.07334487938623e-166,8.307727064110273e-161,Sen. Tc/NK
ENSG00000144290,SLC4A10,6,0.3687882978507498,0.3684583929377164,0.43946188340807174,0.8391815349052776,0.28910838254652377,2.961575406575137e-107,1.1866795728114048e-101,Sen. Tc/NK
ENSG00000145220,LYAR,6,0.2969883393717164,0.953033389226196,0.7376681614349776,0.40260425337320827,0.3076068269150494,4.970384859036286e-114,1.9915934499369675e-108,Sen. Tc/NK
ENSG00000168685,IL7R,6,0.5064679555272162,4.257560114597271,0.984304932735426,0.5145437543625022,0.677634703746404,1.999759399370262e-250,8.01287593252469e-245,Sen. Tc/NK
ENSG00000113088,GZMK,6,0.48595381152330963,2.2549835308416304,0.9147982062780269,0.5312142155377355,0.6293106539221245,1.632782318898583e-232,6.5424281292411095e-227,Sen. Tc/NK
ENSG00000145649,GZMA,6,0.2832541690951285,2.4320907861464116,0.952914798206278,0.2972502574504172,0.45290296310126593,2.2042721283602914e-167,8.832342076569419e-162,Sen. Tc/NK
ENSG00000120738,EGR1,6,0.269670752472917,3.3194774995602487,0.6053811659192825,0.4454561318626703,0.21208634848971875,4.398107618734788e-79,1.7622865379660796e-73,Sen. Tc/NK
ENSG00000120129,DUSP1,6,0.2604703978957818,11.918335876540668,0.9798206278026906,0.26583477679981393,0.30760865282702027,4.962734987852685e-114,1.988528207752668e-108,Sen. Tc/NK
ENSG00000227507,LTB,6,0.29218028365879345,5.114490547448342,0.968609865470852,0.3016490891477358,0.37642586020873914,2.8652675650323013e-139,1.1480897911679229e-133,Sen. Tc/NK
ENSG00000204475,NCR3,6,0.4015243253360817,1.360571021426798,0.8139013452914798,0.49333291763055764,0.44785919717123385,1.5835267091966428e-165,6.345064841614212e-160,Sen. Tc/NK
ENSG00000164442,CITED2,6,0.2523927619789693,1.8534333723004681,0.7399103139013453,0.34111264194733426,0.1971112912967443,1.3008156636736391e-73,5.212264299087178e-68,Sen. Tc/NK
ENSG00000211713,TRBV6-4,6,0.25514028281574697,0.7558374658348703,0.2982062780269058,0.8555832040287455,0.18598208453387588,1.510083884965248e-69,6.0507853203449513e-64,Sen. Tc/NK
ENSG00000198851,CD3E,6,0.30914114103473955,3.3238110196842205,0.984304932735426,0.31407049863666026,0.5096354180224084,2.7598919756322582e-188,1.1058666355000408e-182,Sen. Tc/NK
ENSG00000167286,CD3D,6,0.289973678355111,1.458054709492559,0.8878923766816144,0.32658651653126136,0.3787112879143993,4.149935589397691e-140,1.6628459911869397e-134,Sen. Tc/NK
ENSG00000139187,KLRG1,6,0.418329228214285,1.167623912870109,0.7892376681614349,0.5300421471124179,0.46654042483082353,2.1008940523642887e-172,8.418114396299516e-167,Sen. Tc/NK
ENSG00000111796,KLRB1,6,0.5443169890931554,6.4264098220868275,0.9887892376681614,0.5504883835273182,0.7559005720303711,1.6785248406983562e-279,6.725714754691057e-274,Sen. Tc/NK
ENSG00000256553,TRAV1-2,6,0.5851506046779388,1.1581881771526485,0.7085201793721974,0.825877119260635,0.5173288841790348,4.010462495455386e-191,1.6069602382290095e-185,Sen. Tc/NK
ENSG00000100906,NFKBIA,6,0.277436686328288,6.8333418943367015,0.9730941704035875,0.28510774677976136,0.32906450149941935,6.802562184788741e-122,2.72573224694737e-116,Sen. Tc/NK
ENSG00000170345,FOS,6,0.25093072819149553,24.712167539989977,0.9035874439461884,0.2777049746238387,0.17871708826306573,6.791450379494125e-67,2.7212798354602597e-61,Sen. Tc/NK
ENSG00000008517,IL32,6,0.3734212662005948,7.167977306481514,0.9910313901345291,0.3768006441752608,0.5725044626954067,1.6971455525253305e-211,6.800326457324797e-206,Sen. Tc/NK
ENSG00000099860,GADD45B,6,0.3245112207811793,4.674206769240013,0.8565022421524664,0.37887959284923023,0.27949052941075664,9.831950641806795e-104,3.939583966566848e-98,Sen. Tc/NK
ENSG00000171223,JUNB,6,0.2694324906863074,14.073111782076895,0.9910313901345291,0.27187079376944145,0.32931830755777936,5.490699118195308e-122,2.2000792110679143e-116,Sen. Tc/NK
ENSG00000160888,IER2,6,0.32340856737241125,9.141684351080883,0.9506726457399103,0.3401892005851307,0.2800480066171687,6.145722546246889e-104,2.4625418585007583e-98,Sen. Tc/NK
ENSG00000132002,DNAJB1,6,0.2869585242708827,2.4085421684501567,0.8452914798206278,0.3394787846812034,0.2874190429184123,1.230453727983294e-106,4.9303296517308205e-101,Sen. Tc/NK
ENSG00000198821,CD247,7,0.2835982724227261,2.1128164557760485,0.7585046193511423,0.37389129240284436,0.1970410332226442,1.1477473042667837e-272,4.598931628412661e-267,Tc/NK
ENSG00000115523,GNLY,7,0.43270600041284896,33.54305217327459,0.8663610971854186,0.49945225128251713,0.35293907576596895,0,0,Tc/NK
ENSG00000159674,SPON2,7,0.18724660951256353,1.3600196168450456,0.4360810714029936,0.42938485935686066,0.08791576496971004,6.784107971537121e-122,2.718337791331152e-116,Tc/NK
ENSG00000137441,FGFBP2,7,0.3584294641895367,2.426295945870282,0.6651865644918714,0.5388405047888136,0.2188578473084704,4.5227167003057815e-303,1.8122164000789243e-297,Tc/NK
ENSG00000206503,HLA-A,7,0.18631682545331607,15.101002729734324,0.9982811716679797,0.18663762348838886,0.2590570928049833,0,0,Tc/NK
ENSG00000204525,HLA-C,7,0.16953847427934457,10.797914010739014,0.9946286614624364,0.1704540406366999,0.15603421889233443,9.276307475998109e-216,3.716942195172634e-210,Tc/NK
ENSG00000234745,HLA-B,7,0.18868634999507655,27.571493874676175,0.9984960252094822,0.18897055694887777,0.1442636530313005,1.7582145674251751e-199,7.045025114507282e-194,Tc/NK
ENSG00000164674,SYTL3,7,0.18182132250843416,0.8028532034063476,0.46959822387739025,0.3871848598726958,0.09438108604395587,9.049440881930114e-131,3.626038565862341e-125,Tc/NK
ENSG00000136950,ARPC5L,7,0.18063020896464202,1.5270505287788534,0.6927594356513643,0.2607401641448668,0.07605147825207398,1.2597112475202223e-105,5.047562191913729e-100,Tc/NK
ENSG00000185885,IFITM1,7,0.27946460548031377,7.901768603494638,0.9564563489221514,0.2921875167593876,0.30833760186301484,0,0,Tc/NK
ENSG00000172543,CTSW,7,0.30459546708206753,4.9296018443107155,0.8716608178758146,0.3494426511270158,0.25817275751895585,0,0,Tc/NK
ENSG00000213402,PTPRCAP,7,0.20609036198078517,2.2840771428915616,0.8059156341760366,0.2557220051841912,0.12621362147185058,1.4402377974004516e-174,5.770917635159818e-169,Tc/NK
ENSG00000180644,PRF1,7,0.17993097282425977,1.5623674639677216,0.4946644703860202,0.3637434738012363,0.0847638590829526,1.431030056137477e-117,5.734022952538379e-112,Tc/NK
ENSG00000134539,KLRD1,7,0.2068394735202843,0.7643021232077126,0.4158848385017546,0.49734795398032206,0.0972886192275635,9.188953938278377e-135,3.68194033143664e-129,Tc/NK
ENSG00000100450,GZMH,7,0.3229714835911958,2.487703229298041,0.6694120174747548,0.4824703996345209,0.20609037350181436,2.8798004206929538e-285,1.153912990168301e-279,Tc/NK
ENSG00000198668,CALM1,7,0.16942316352464856,4.714846651514265,0.9465730860130345,0.17898582373418082,0.0945638711087681,5.077105656855739e-131,2.0343556198568399e-125,Tc/NK
ENSG00000166710,B2M,7,0.17481819795384196,49.41154291816573,0.9997851464584975,0.17485576633449107,0.24143451225247503,0,0,Tc/NK
ENSG00000189067,LITAF,7,0.24384106150873044,2.4025883854218844,0.8348492444317124,0.2920779567509997,0.15053753170395265,3.7320788893687106e-208,1.4954141543389273e-202,Tc/NK
ENSG00000271503,CCL5,7,0.2090593224584363,9.549976588807057,0.8671488935042613,0.24108814994112537,0.219687376972478,3.1446345434055956e-304,1.260029904466275e-298,Tc/NK
ENSG00000173762,CD7,7,0.23232617444534648,2.8880184605888037,0.7398123612404212,0.3140339180813526,0.14462648867690736,5.542106727949655e-200,2.220677829035603e-194,Tc/NK
ENSG00000077984,CST7,7,0.2814399096122571,2.8512504381915504,0.7686743536489293,0.3661367239276946,0.20802186945332526,5.8601904054354356e-288,2.3481314139347356e-282,Tc/NK
ENSG00000197540,GZMM,7,0.2760264334641529,1.7612002025371891,0.7438945785289695,0.3710558477385161,0.19148008711686662,6.243021943840226e-265,2.5015289487212278e-259,Tc/NK
ENSG00000007264,MATK,7,0.1922816224521582,0.9627082508425845,0.5523168373558691,0.34813644894962203,0.09434111568263343,1.0268557358195356e-130,4.114528784970014e-125,Tc/NK
ENSG00000105374,NKG7,7,0.41193382439369225,15.385880665950465,0.9719974217575019,0.4238013549962515,0.5078172142169003,0,0,Tc/NK
ENSG00000160255,ITGB2,7,0.17983366740427634,3.1426766076706962,0.8357086585977226,0.21518703384745141,0.08311541702585994,2.609469369725661e-115,1.0455935006941145e-109,Tc/NK
ENSG00000117632,STMN1,8,0.5375995823388796,5.305781590288171,0.917910447761194,0.5856775937675599,0.5651710442273206,4.5414428640392215e-99,1.8197198240776038e-93,Cycling
ENSG00000092853,CLSPN,8,0.4040118639834105,0.4522369878122561,0.5597014925373134,0.7218345303170268,0.36800942811925885,4.648979723333308e-65,1.86280898330187e-59,Cycling
ENSG00000117724,CENPF,8,0.4067339672418172,0.7857195131786234,0.5149253731343284,0.7898891537739637,0.32416539641569775,1.6655425863237783e-57,6.673695899992474e-52,Cycling
ENSG00000171848,RRM2,8,0.5176542412563757,0.7495079041508825,0.5970149253731343,0.8670708541044294,0.42022901961134584,4.6411436603135215e-74,1.8596691355383455e-68,Cycling
ENSG00000164104,HMGB2,8,0.45545204015416035,4.45871433673708,0.9402985074626866,0.48436963000521815,0.5262814825477798,2.354189784971233e-92,9.433050133196932e-87,Cycling
ENSG00000151725,CENPU,8,0.44599895442505144,0.8114292663165686,0.7014925373134329,0.6357857435420946,0.421965581886489,2.3293213495925168e-74,9.333404302109247e-69,Cycling
ENSG00000196230,TUBB,8,0.3806267510761954,5.300909284778119,0.9104477611940298,0.4180654479033622,0.34459400707067755,5.035478304187807e-61,2.0176758726616206e-55,Cycling
ENSG00000166508,MCM7,8,0.4256020853584187,1.0826381673023096,0.7835820895522388,0.5431493279812201,0.4382311021473802,3.653247400073286e-77,1.4638270072301652e-71,Cycling
ENSG00000146670,CDCA5,8,0.3818760916284054,0.2675542123939218,0.44029850746268656,0.867311801325531,0.3035381396066556,5.955417131964677e-54,2.38628800144119e-48,Cycling
ENSG00000122952,ZWINT,8,0.4070124768548897,0.3175507369056601,0.5,0.8140249537097795,0.36420320628277525,2.1049947644083992e-64,8.434545621403303e-59,Cycling
ENSG00000170312,CDK1,8,0.4242622469316746,0.3159269845110168,0.5,0.8485244938633492,0.3414162320418547,1.776430588579413e-60,7.118015253990622e-55,Cycling
ENSG00000148773,MKI67,8,0.5658517243209042,1.1416328238422888,0.6567164179104478,0.8616378529431951,0.4905613624895952,3.438275569325533e-86,1.3776895144241865e-80,Cycling
ENSG00000165480,SKA3,8,0.38046061454304103,0.3062411518432575,0.41044776119402987,0.9269404063412272,0.31272218225809173,1.559058302568265e-55,6.247021893726832e-50,Cycling
ENSG00000137804,NUSAP1,8,0.4990439429135958,0.7805846702199775,0.6343283582089553,0.7867280982402568,0.43078369401877453,7.028176623126308e-76,2.8161341474737267e-70,Cycling
ENSG00000166803,PCLAF,8,0.4872744658354368,0.6362945161650163,0.6343283582089553,0.7681738637876298,0.447040132226769,1.1056003126754217e-78,4.430052004865401e-73,Cycling
ENSG00000127564,PKMYT1,8,0.6018827869142701,0.566245506784369,0.6268656716417911,0.9601463505537166,0.5102662986712215,1.3678629885819822e-89,5.480917566208916e-84,Cycling
ENSG00000131153,GINS2,8,0.38350832816779423,0.4060790677681302,0.48507462686567165,0.790617168838222,0.32986819328551453,1.7342021310985914e-58,6.948809203141568e-53,Cycling
ENSG00000167513,CDT1,8,0.4800486226360088,0.5652845826876749,0.6268656716417911,0.7657918503955378,0.4489300874926449,5.219925021797717e-79,2.091582196834171e-73,Cycling
ENSG00000131747,TOP2A,8,0.43480837963777375,0.5856026772168259,0.5373134328358209,0.8092267065480789,0.3422375862549364,1.2824368082498932e-60,5.1386216957126624e-55,Cycling
ENSG00000167900,TK1,8,0.5315291101678614,0.6703273772585763,0.6343283582089553,0.8379400089705109,0.4862237010691085,1.9263801812666474e-85,7.718851275920955e-80,Cycling
ENSG00000089685,BIRC5,8,0.4229037634819567,0.4305261950436928,0.48507462686567165,0.8718323739474184,0.35800948280350303,2.4576551428517777e-63,9.847627544995645e-58,Cycling
ENSG00000176890,TYMS,8,0.6697184423911414,1.7768943606163188,0.835820895522388,0.8012702792894013,0.6380460408080417,1.1620018465993812e-111,4.656048439175992e-106,Cycling
ENSG00000132646,PCNA,8,0.39915897547853596,0.847814081907072,0.6865671641791045,0.5813837251535198,0.36889866314581465,3.2667855135908822e-65,1.3089748210117577e-59,Cycling
ENSG00000093009,CDC45,8,0.3773148506225783,0.2746910910998529,0.4701492537313433,0.802542698149611,0.3254824201333523,9.877945781459106e-58,3.958013851064412e-52,Cycling
ENSG00000100162,CENPM,8,0.4042725872935203,0.5218430907137163,0.5895522388059702,0.6857281860421736,0.37585674745678016,2.0655413765672807e-66,8.276459052594969e-61,Cycling
ENSG00000143870,PDIA6,9,0.3499333736364981,2.916180102742579,0.9107142857142857,0.38424056713027244,0.31602740380255856,3.8037830632436827e-31,1.5241454431772378e-25,PC
ENSG00000211592,IGKC,9,0.36203361818169383,21.595100116209657,0.5535714285714286,0.6539962134895114,0.25936032599144604,7.487304967725993e-26,3.0001032021280636e-20,PC
ENSG00000004468,CD38,9,0.37400462740277457,0.9264077948416638,0.8214285714285714,0.4553099811859864,0.3214116522768546,1.1952165477066883e-31,4.7891370893368834e-26,PC
ENSG00000132465,JCHAIN,9,0.7483606725949263,64.32896351572916,0.9821428571428571,0.7619672302784705,0.801348321563394,1.9388895401309384e-76,7.76897527614146e-71,PC
ENSG00000170476,MZB1,9,0.5941002462057937,8.439866860324923,0.9464285714285714,0.6277285620287631,0.6580159917070889,4.6626133416365034e-63,1.8682718650870138e-57,PC
ENSG00000239264,TXNDC5,9,0.613858434806763,1.7202939815939715,0.8571428571428571,0.7161681739412236,0.6137867791595711,6.252146883317367e-59,2.5051852389702024e-53,PC
ENSG00000155660,PDIA4,9,0.4386147538349174,2.4406758115562086,0.9107142857142857,0.48161620028932106,0.45018322137377514,1.1476939131496781e-43,4.598717694477708e-38,PC
ENSG00000164938,TP53INP1,9,0.3255521885331834,0.5593275781365002,0.7857142857142857,0.41433914904223346,0.25528695457784617,1.7993466692589616e-25,7.209838155987119e-20,PC
ENSG00000044574,HSPA5,9,0.32668831806610144,6.645221115356767,0.9285714285714286,0.3518181886865708,0.22499132848450468,1.226255210068168e-22,4.9135065263263434e-17,PC
ENSG00000110777,POU2AF1,9,0.4145066525299212,0.6321211916710544,0.7857142857142857,0.5275539214017179,0.39329625179055017,2.3315779089450381e-38,9.342446154910052e-33,PC
ENSG00000139193,CD27,9,0.35333496524429275,1.1533076219409184,0.8214285714285714,0.4301469142104434,0.33441302043704774,7.303747200491441e-33,2.9265530732593166e-27,PC
ENSG00000134285,FKBP11,9,0.3593162875413534,2.1917112369233442,0.8928571428571429,0.40243424204631584,0.3237764600955098,7.188480193882501e-32,2.880366505847167e-26,PC
ENSG00000166598,HSP90B1,9,0.5470669059014042,22.14214258567203,1,0.5470669059014042,0.60696822707912,2.705642237796208e-58,1.084129199547038e-52,PC
ENSG00000150967,ABCB9,9,0.34485399064353467,0.25879628287028184,0.4642857142857143,0.7427624413860746,0.2760991632813017,2.0413283071323156e-27,8.179439220414618e-22,PC
ENSG00000211890,IGHA2,9,0.4047099383720979,7.016234042143511,0.48214285714285715,0.8393983906976845,0.254018889089018,2.364094362417573e-25,9.472736982658221e-20,PC
ENSG00000211895,IGHA1,9,0.6760001687768701,61.26939542588934,0.8571428571428571,0.7886668635730152,0.6478520063254765,4.14166836659292e-62,1.6595333811468502e-56,PC
ENSG00000166794,PPIB,9,0.4036012481665662,13.599095102113898,1,0.4036012481665662,0.6790887453894073,5.033938882895371e-65,2.017059038865112e-59,PC
ENSG00000048462,TNFRSF17,9,0.6367125558219698,1.1749081345354166,0.8214285714285714,0.7751283288267459,0.637458908411681,3.864249975089855e-61,1.5483740510187042e-55,PC
ENSG00000166562,SEC11C,9,0.4427855589915734,3.681693711400317,0.9107142857142857,0.48619590791231593,0.5282791023782071,5.942879294670738e-51,2.3812641903402072e-45,PC
ENSG00000074695,LMAN1,9,0.3628685127783134,1.724334303486213,0.8928571428571429,0.406412734311711,0.3164604364815886,3.465602870170109e-31,1.3886393452542013e-25,PC
ENSG00000074842,MYDGF,9,0.36472064090135303,2.696598838822418,0.9107142857142857,0.40047756647991706,0.4371830932679888,1.8737494348526446e-42,7.507964085499759e-37,PC
ENSG00000128228,SDF2L1,9,0.35857743116660173,1.457353861764744,0.9107142857142857,0.3937320812809745,0.3634753911962064,1.4147225413922697e-35,5.6686800455555134e-30,PC
ENSG00000254709,IGLL5,9,0.42747765726881376,1.5090915848129056,0.6428571428571429,0.6649652446403769,0.42744374191479984,1.5184499768612393e-41,6.084307581284837e-36,PC
ENSG00000211677,IGLC2,9,0.3652417741456838,5.153353151845652,0.4642857142857143,0.7866745904676267,0.24555072890988644,1.4636739698543252e-24,5.864824503288693e-19,PC
ENSG00000099958,DERL3,9,0.4927061126200338,3.2433162232251767,0.9464285714285714,0.5205951378626772,0.4826796692112259,1.0668241572895744e-46,4.2746790523267413e-41,PC
ENSG00000150681,RGS18,10,0.6668016127518606,9.668959972787738,0.8053333333333333,0.827982135039562,0.5825132424627442,7.663236932749577e-195,3.0705977330572935e-189,Plt
ENSG00000168497,CAVIN2,10,0.862739718527451,19.469561620922832,0.9333333333333333,0.9243639841365546,0.8275854586275497,4.802650253223009e-277,1.9243835352644338e-271,Plt
ENSG00000169704,GP9,10,0.8059865902523901,12.717405111160188,0.8666666666666667,0.9299845272142961,0.7318671312269395,7.32482668468513e-245,2.934999453939854e-239,Plt
ENSG00000163737,PF4,10,0.886199093393909,17.560174447268924,0.9493333333333334,0.9334962360188648,0.862681891028847,7.175669962787891e-289,2.8752335487294056e-283,Plt
ENSG00000163736,PPBP,10,0.8965253870363816,100.9342218864316,0.9626666666666667,0.9312936845945793,0.8767761697693441,1.267707844701726e-293,5.0796039170922395e-288,Plt
ENSG00000113140,SPARC,10,0.8456329712671987,18.86802364468844,0.936,0.9034540291316225,0.8241021412832525,7.1520826696465554e-276,2.8657823090660174e-270,Plt
ENSG00000124491,F13A1,10,0.7884467294102963,12.729520959363853,0.888,0.8878904610476309,0.7304862666005799,2.129877161189965e-244,8.534247394715295e-239,Plt
ENSG00000180573,HIST1H2AC,10,0.7672724513948049,16.493191582824238,0.92,0.8339917949943532,0.7281168984975122,1.3295507891747375e-243,5.3274036481600395e-238,Plt
ENSG00000204420,MPIG6B,10,0.8076180947642292,13.868724358664835,0.9066666666666666,0.890755251578194,0.7675851104826679,7.362998560148474e-257,2.9502946190630125e-251,Plt
ENSG00000161911,TREML1,10,0.7439074171418185,7.740908912808275,0.8106666666666666,0.917648952066388,0.65387932943726,1.0307273086321427e-218,4.130041867504305e-213,Plt
ENSG00000127920,GNG11,10,0.8894686761495738,18.349461667609773,0.9466666666666667,0.9395795874819441,0.8581754859450863,2.371590957384887e-287,9.502775238964652e-282,Plt
ENSG00000101856,PGRMC1,10,0.574644024340124,5.699175704457483,0.76,0.7561105583422684,0.4952889065279133,9.720929408514777e-166,3.895098646556603e-160,Plt
ENSG00000120885,CLU,10,0.8003913189368763,21.433675993026835,0.912,0.877622060237803,0.753909775884189,2.899118786319145e-252,1.161653704727791e-246,Plt
ENSG00000137076,TLN1,10,0.5824329382386242,13.61771849163695,0.9146666666666666,0.6367707050713821,0.5756685869517515,1.482722745748972e-192,5.941151424396471e-187,Plt
ENSG00000095303,PTGS1,10,0.6863579906411278,6.13988402541622,0.7893333333333333,0.8695413732784558,0.5901898056723642,2.0857291117333753e-197,8.357349692386696e-192,Plt
ENSG00000154146,NRGN,10,0.8136182537740441,15.747089008519106,0.9466666666666667,0.8594559018739902,0.8235617585947106,1.0873912365804106e-275,4.357089693678779e-270,Plt
ENSG00000035403,VCL,10,0.6046464616770386,8.019417144982498,0.7946666666666666,0.7608806145264748,0.5230960446804731,5.22521337887406e-175,2.0937011992078052e-169,Plt
ENSG00000166091,CMTM5,10,0.6825450175686438,6.168622164714903,0.7386666666666667,0.9240230382246982,0.572678491344488,1.4785316228631785e-191,5.924357930282927e-186,Plt
ENSG00000072110,ACTN1,10,0.578468281222489,4.906145435102752,0.7626666666666667,0.7584811379665501,0.5196973288755035,7.1039968762955315e-174,2.846514716356609e-168,Plt
ENSG00000005961,ITGA2B,10,0.7163432256433312,8.35459305369313,0.8106666666666666,0.8836470711060829,0.6356392861328295,1.3164344068255294e-212,5.27484735339735e-207,Plt
ENSG00000101335,MYL9,10,0.8374389726522191,26.45543520511907,0.904,0.9263705449692688,0.7796629398957128,6.41128768776938e-261,2.5689516861876884e-255,Plt
ENSG00000064601,CTSA,10,0.6162848939451094,10.905419557522487,0.9093333333333333,0.6777326546317186,0.6319918570248556,2.1879200872993243e-211,8.766820756201409e-206,Plt
ENSG00000101162,TUBB1,10,0.8850475748663478,29.179450125236773,0.936,0.9455636483614827,0.8407786934638115,1.7284603013438375e-281,6.92580215066065e-276,Plt
ENSG00000100351,GRAP2,10,0.5992223785214307,5.994116428645169,0.7626666666666667,0.7856936781312465,0.5247652080330485,1.450208243844251e-175,5.810868416424407e-170,Plt
ENSG00000156265,MAP3K7CL,10,0.5724306142664133,5.626784412111651,0.6506666666666666,0.8797601653684631,0.4539582455212751,5.635166813077235e-152,2.2579662606655434e-146,Plt
ENSG00000198520,ARMH1,11,0.34075591773343855,0.9001487364261191,0.775,0.43968505513992073,0.3161194305916269,1.1446860439617745e-39,4.586665403271314e-34,HSPC
ENSG00000174059,CD34,11,0.5473811101486074,0.601008584282053,0.575,0.9519671480845346,0.4741076397350339,1.164051004237967e-58,4.664259249901194e-53,HSPC
ENSG00000118231,CRYGD,11,0.27100676087832676,0.125953296584188,0.275,0.9854791304666426,0.21086786751732692,5.253449204335989e-27,2.105015068583796e-21,HSPC
ENSG00000179348,GATA2,11,0.27313761115045226,0.5827603580114487,0.4375,0.6243145397724623,0.2614059846493528,4.348766044119665e-33,1.742515763750397e-27,HSPC
ENSG00000163751,CPA3,11,0.325,0.3364105784267075,0.325,1,0.25192840081133366,6.005198869999046e-32,2.406235145617658e-26,HSPC
ENSG00000170891,CYTL1,11,0.46283184511764836,0.49600044561960716,0.5125,0.9030865270588261,0.39505630320633983,3.7095732506918614e-49,1.4863963249662233e-43,HSPC
ENSG00000007062,PROM1,11,0.25463796116807946,0.1372381494745214,0.2625,0.9700493758783979,0.20074955553119037,8.689714081061163e-26,3.48189891456856e-20,HSPC
ENSG00000128040,SPINK2,11,0.5502495898286722,0.9484482413099077,0.6375,0.8631366114959564,0.4745640080153434,1.0258928710358375e-58,4.110670662810918e-53,HSPC
ENSG00000163453,IGFBP7,11,0.25990625017672714,0.7315374504513572,0.6875,0.37804545480251217,0.20418766745818998,3.348948749854069e-26,1.3418969724765267e-20,HSPC
ENSG00000113389,NPR3,11,0.3132193631230656,0.2372172226451783,0.3625,0.8640534155119051,0.2833728216277394,9.914752155643346e-36,3.9727618707490434e-30,HSPC
ENSG00000124766,SOX4,11,0.3734663043981738,2.995905478832006,0.8625,0.4330044108964334,0.3245437647211763,1.111345099349894e-40,4.4530709054870776e-35,HSPC
ENSG00000213722,DDAH2,11,0.2674100720186269,0.7445083787779689,0.7625,0.35070173379492053,0.24235654537709483,8.515366807617062e-31,3.412039356877696e-25,HSPC
ENSG00000156535,CD109,11,0.2631649958768469,0.3895861629763214,0.425,0.6192117550043457,0.23626619030299228,4.6035251433662595e-30,1.844595696745713e-24,HSPC
ENSG00000075618,FSCN1,11,0.2573786538347501,0.26400489208645167,0.4375,0.5882940659080003,0.25304493267811057,4.407569897168816e-32,1.7660779972363672e-26,HSPC
ENSG00000078399,HOXA9,11,0.3493371139547751,0.2935129169491949,0.4375,0.7984848318966289,0.3064131792033607,1.6815414640738073e-38,6.73780212322662e-33,HSPC
ENSG00000105810,CDK6,11,0.3804000551139452,1.3077769098638752,0.7875,0.4830476890335812,0.3954643049332578,3.313436067875047e-49,1.3276673249089883e-43,HSPC
ENSG00000233016,SNHG7,11,0.27611979700993394,1.5367983571228325,0.8375,0.32969528001186144,0.25324417348256784,4.170893572093109e-32,1.671243687189132e-26,HSPC
ENSG00000150782,IL18,11,0.2873335815846413,0.3799549370462051,0.55,0.5224246937902568,0.2689963565284181,5.313087456648192e-34,2.1289116391792774e-28,HSPC
ENSG00000257698,AC084033.3,11,0.42023282692680214,1.352882278935749,0.65,0.6465120414258494,0.38817958944553604,2.488648292229534e-48,9.971814615100365e-43,HSPC
ENSG00000149948,HMGA2,11,0.26654880723129376,0.14748604218846753,0.3,0.8884960241043125,0.2312784690085082,1.8338175952749236e-29,7.347960398858997e-24,HSPC
ENSG00000226777,FAM30A,11,0.2567654317945589,0.6331050515279328,0.5875,0.4370475434801002,0.20700145259952699,1.534755634580015e-26,6.1496430473113535e-21,HSPC
ENSG00000173801,JUP,11,0.3408607962656199,0.4711579315333266,0.5875,0.5801885893882891,0.280620841605921,2.1244320338825878e-35,8.512429205204819e-30,HSPC
ENSG00000185198,PRSS57,11,0.5938181707704155,1.2264888526281406,0.7,0.8483116725291651,0.5478041362136785,1.5986970015662106e-67,6.40585098951568e-62,HSPC
ENSG00000095932,SMIM24,11,0.5740017320437425,0.6728248669942544,0.675,0.8503729363611,0.5425862045266872,6.781909008400926e-67,2.7174566843941838e-61,HSPC
ENSG00000233236,LINC02573,11,0.3157950042758835,0.15394683730412267,0.325,0.9716769362334875,0.251928399666084,6.005200775207054e-32,2.4062359090192647e-26,HSPC
ENSG00000143416,SELENBP1,12,0.1926952085523565,0.29808772693934343,0.20481927710843373,0.9408060182262111,0.1450066315158488,1.700456862349731e-30,6.813594610886384e-25,RBC
ENSG00000159346,ADIPOR1,12,0.26103100328246986,3.355679231856599,0.7048192771084337,0.3703516798708547,0.2297383542700946,2.3825810017353075e-47,9.546811467473238e-42,RBC
ENSG00000136732,GYPC,12,0.33764706375990455,4.6539189512109695,0.8614457831325302,0.39195393415485424,0.3514217626950583,1.4952867787580646e-71,5.991494499541265e-66,RBC
ENSG00000082146,STRADB,12,0.21575729941738958,0.9100061085817445,0.3795180722891566,0.5685033603696297,0.17883695352518036,3.158054325746463e-37,1.265407103892002e-31,RBC
ENSG00000145335,SNCA,12,0.18586415975006249,2.430947585542038,0.54216867469879515,0.3428161168723375,0.1688600853675836,3.048043580815182e-35,1.2213266784839969e-29,RBC
ENSG00000158578,ALAS2,12,0.7065590147798994,7.3291741967052655,0.7108433734939759,0.9939728513005365,0.5897405223479579,4.706573774163804e-119,1.885886458717243e-113,RBC
ENSG00000147454,SLC25A37,12,0.6931712952158462,8.663782608406297,0.9156626506024096,0.7570160197752005,0.7159401868040042,2.7831354217708665e-144,1.115180098420212e-138,RBC
ENSG00000104765,BNIP3L,12,0.14682174360204234,1.349291131413601,0.4939759036144578,0.29722450534071987,0.09088286188589137,1.0420056788211485e-19,4.1752333945820365e-14,RBC
ENSG00000133742,CA1,12,0.3666150004773418,2.004153267463289,0.3674698795180723,0.9976736078563727,0.2716491605503155,1.1045637535888153e-55,4.425898595530096e-50,RBC
ENSG00000198876,DCAF12,12,0.2969733585907326,1.2360600393367085,0.4819277108433735,0.6162197190757701,0.2494263341365931,2.899023371901283e-51,1.161615472933869e-45,RBC
ENSG00000244734,HBB,12,0.9901092825887856,2526.3005715824866,1,0.9901092825887856,0.9999999999731546,2.8067585647749636e-201,1.1246457028368097e-195,RBC
ENSG00000223609,HBD,12,0.2340999634313498,1.2351870775438278,0.3253012048192771,0.7196406283260013,0.19321970655635592,4.353707855550572e-40,1.7444959080562697e-34,RBC
ENSG00000060138,YBX3,12,0.1906057522437682,1.4221833277664455,0.463855421686747,0.41091629704500676,0.14364889279953266,3.16831416952295e-30,1.2695181412144899e-24,RBC
ENSG00000166947,EPB42,12,0.13787574987215048,0.22668921162764316,0.14457831325301204,0.9536406032823742,0.09491013851133477,1.6360612690980656e-20,6.555566620374421e-15,RBC
ENSG00000206177,HBM,12,0.4678733122003635,2.6398935802081964,0.4759036144578313,0.9831262003197512,0.3632754070463417,6.54242950616682e-74,2.6214991636849956e-68,RBC
ENSG00000188536,HBA2,12,0.973190731404154,58.819914539337276,0.9939759036144579,0.9790888570490276,0.9776067058593937,8.96132373862239e-197,3.5907307314760825e-191,RBC
ENSG00000206172,HBA1,12,0.9717236916339196,87.66036077235279,1,0.9717236916339196,0.9999999998842473,2.806758680375925e-201,1.12464574915719e-195,RBC
ENSG00000086506,HBQ1,12,0.23301408601837276,0.9932709920238181,0.3674698795180723,0.6341039062139324,0.20300411173345734,4.932635093294844e-42,1.9764674208024977e-36,RBC
ENSG00000169877,AHSP,12,0.35909927299832156,1.4750669410838981,0.3614457831325301,0.9935079886286896,0.2667428699676567,1.0443662871938613e-54,4.184692163482827e-49,RBC
ENSG00000170315,UBB,12,0.2566157912056216,10.592323384301482,0.7650602409638554,0.3354190656703401,0.09018057548305648,1.4391967532099169e-19,5.76674625437188e-14,RBC
ENSG00000004939,SLC4A1,12,0.1876742856595404,0.3651881865550554,0.1927710843373494,0.9735603568588658,0.13606684458282814,1.023966530286499e-28,4.102951969535579e-23,RBC
ENSG00000013306,SLC25A39,12,0.46393138389866173,4.471302337332724,0.8132530120481928,0.5704637757568729,0.4576677240667416,1.0427280595453731e-92,4.178127916353546e-87,RBC
ENSG00000124098,FAM210B,12,0.33057224775398436,1.5466448004934394,0.54216867469879515,0.609722145857349,0.29057815640788237,1.8998957713558474e-59,7.612730364161172e-54,RBC
ENSG00000105701,FKBP8,12,0.15726384888564587,2.5207859499438134,0.6807228915662651,0.23102476915944437,0.06632453319394724,8.514911870123165e-15,3.4118570670633916e-9,RBC
ENSG00000090013,BLVRB,12,0.20051551114384383,1.8318288408764989,0.463855421686747,0.4322801928555594,0.12648369187386851,8.293824480031698e-27,3.323269118552861e-21,RBC
